Designator,Mid X,Mid Y,Rotation,Layer
C1,188.7673,-79.9236,270.0,top
C10,211.7673,-50.9236,0.0,top
C101,77.6523,-117.1636,270.0,top
C102,155.3198,-122.2656,0.0,top
C103,155.3198,-118.4556,0.0,top
C104,155.3198,-114.6456,0.0,top
C105,143.0848,-113.8836,180.0,top
C106,143.3388,-118.4556,180.0,top
C107,162.1568,-92.4145,270.0,top
C108,161.6068,-107.9145,180.0,top
C109,177.6068,-98.4145,90.0,top
C11,197.7673,-50.9236,0.0,top
C110,177.6068,-102.9145,270.0,top
C111,159.1568,-95.952,180.0,top
C112,183.1068,-98.4145,180.0,top
C113,173.6068,-96.4145,270.0,top
C114,183.1068,-102.4145,180.0,top
C115,175.6068,-97.9145,90.0,top
C116,169.1068,-92.9145,270.0,top
C117,173.6068,-103.4145,270.0,top
C118,172.1068,-107.9145,270.0,top
C119,148.8323,-81.0136,180.0,top
C12,204.7673,-50.9236,0.0,top
C13,190.7673,-50.9236,0.0,top
C14,210.9673,-42.4236,270.0,top
C15,199.9673,-42.4236,270.0,top
C16,205.4673,-42.4236,270.0,top
C17,194.4673,-42.4236,270.0,top
C19,211.2673,-75.4236,270.0,top
C2,207.2673,-75.4236,270.0,top
C20,193.2673,-75.4236,270.0,top
C201,99.5,-114.5,90.0,top
C202,105.0,-113.0,180.0,top
C203,114.0,-105.0,90.0,top
C204,117.0,-110.5,270.0,top
C205,110.0,-112.5,180.0,top
C206,100.5,-108.5,180.0,top
C207,100.5,-111.0,180.0,top
C208,110.0,-115.0,180.0,top
C209,109.5,-101.5,180.0,top
C21,209.2673,-75.4236,270.0,top
C210,109.5,-99.0,180.0,top
C211,100.5,-106.0,180.0,top
C212,114.0,-109.5,90.0,top
C213,117.0,-104.0,90.0,top
C216,76.6068,-109.2926,180.0,top
C217,76.6283,-107.0066,0.0,top
C22,191.2673,-75.4236,270.0,top
C25,87.2673,-28.7237,90.0,top
C26,113.0423,-59.1913,90.0,top
C27,111.5423,-80.8912,270.0,top
C28,133.1349,-105.5559,270.0,top
C29,138.7673,-82.856,90.0,top
C3,195.7673,-68.9236,0.0,top
C30,122.7673,-82.0209,270.0,top
C301,161.7673,-78.5611,270.0,top
C302,167.7673,-78.5611,90.0,top
C303,169.2673,-86.0611,0.0,top
C31,148.3996,-44.9236,0.0,top
C32,123.2673,-32.356,90.0,top
C33,87.7673,-50.9236,270.0,top
C34,215.8349,-66.9236,0.0,top
C35,184.6996,-66.9236,180.0,top
C4,202.2673,-65.4236,0.0,top
C401,145.6463,-122.5196,180.0,top
C5,197.7673,-65.4236,180.0,top
C501,195.7673,-87.9236,90.0,top
C502,197.7673,-87.9236,90.0,top
C503,200.7673,-87.9236,90.0,top
C504,202.7673,-87.9236,90.0,top
C505,197.2673,-93.9236,270.0,top
C509,212.7673,-47.4236,0.0,top
C6,204.2673,-68.9236,180.0,top
C7,198.7673,-47.4236,0.0,top
C8,205.7673,-47.4236,0.0,top
C9,191.7673,-47.4236,0.0,top
D1,99.2673,-49.2913,0.0,top
D2,100.5423,-60.3236,180.0,top
D3,146.2673,-104.4236,0.0,top
D4,146.7673,-31.9236,90.0,top
D5,156.7673,-34.9236,180.0,top
D6,163.2673,-38.4236,180.0,top
D7,216.7673,-111.9236,0.0,top
J1,199.2913,-122.4236,0.0,top
J108,82.9863,-76.0186,270.0,top
J2,163.0673,-29.4236,0.0,top
J3,171.8353,-30.0696,0.0,top
J4,171.8353,-43.0236,0.0,top
L1,196.7673,-57.4236,90.0,top
L2,203.7673,-57.4236,90.0,top
L3,189.7673,-57.4236,90.0,top
L4,96.7673,-38.5413,90.0,top
L5,103.0423,-70.8236,270.0,top
L501,210.7673,-57.3236,90.0,top
L6,143.7673,-93.4236,90.0,top
L7,131.2673,-81.9236,90.0,top
L8,135.7673,-34.4236,180.0,top
Q1,223.7673,-110.9236,90.0,top
Q2,207.2673,-88.4236,0.0,top
Q3,156.2673,-38.4236,180.0,top
Q4,123.7673,-39.4236,0.0,top
Q5,81.7673,-30.7913,90.0,top
R1,170.2673,-82.5611,90.0,top
R101,77.6523,-112.4911,270.0,top
R102,185.5453,-111.9111,90.0,top
R103,100.6955,-103.942,180.0,top
R104,154.8798,-120.2336,0.0,top
R105,154.8798,-116.4236,0.0,top
R106,188.0853,-111.9111,90.0,top
R107,154.8798,-112.6136,0.0,top
R108,191.6413,-111.9111,90.0,top
R109,143.5248,-111.8516,180.0,top
R110,193.6733,-111.9111,90.0,top
R111,143.7788,-116.4236,180.0,top
R112,195.7053,-111.9111,90.0,top
R113,143.9298,-120.4256,0.0,top
R114,191.0,-96.0,90.0,top
R115,166.6068,-108.4145,270.0,top
R116,189.5,-107.0,270.0,top
R117,76.8903,-114.7771,180.0,top
R118,169.6068,-108.4145,90.0,top
R119,168.1068,-108.4145,90.0,top
R120,161.6068,-105.4145,0.0,top
R121,179.1068,-96.4145,270.0,top
R122,179.1068,-104.9145,90.0,top
R123,179.1068,-98.9145,90.0,top
R124,179.1068,-102.4145,270.0,top
R125,186.6068,-97.9145,90.0,top
R126,186.6068,-102.9145,270.0,top
R127,156.6068,-100.9145,270.0,top
R128,193.0,-95.0,0.0,top
R129,193.0,-96.5,180.0,top
R130,191.5,-106.5,180.0,top
R131,191.5,-108.0,0.0,top
R132,195.0,-97.5,90.0,top
R133,193.5,-107.0,90.0,top
R134,223.7673,-113.9236,0.0,top
R135,207.7673,-91.4236,0.0,top
R136,91.6223,-83.0411,90.0,top
R137,209.7673,-114.4236,90.0,top
R138,207.7673,-114.4236,90.0,top
R139,124.1698,-44.4236,180.0,top
R140,124.1698,-42.9236,0.0,top
R141,123.7673,-58.9236,0.0,top
R142,160.2673,-34.9236,270.0,top
R143,90.3523,-83.0411,90.0,top
R144,192.2673,-87.4236,90.0,top
R145,190.7673,-87.4236,90.0,top
R146,126.7048,-39.4736,270.0,top
R147,121.7673,-41.8261,270.0,top
R148,82.7673,-27.2913,270.0,top
R149,78.1698,-31.7913,180.0,top
R150,108.2673,-121.4236,90.0,top
R151,79.4303,-112.3876,270.0,top
R152,128.2673,-119.8261,90.0,top
R153,81.2083,-112.3876,270.0,top
R154,159.7673,-83.4636,270.0,top
R155,161.2673,-82.9636,270.0,top
R2,188.7673,-75.4236,270.0,top
R201,116.9025,-108.0,0.0,top
R202,116.9025,-106.5,0.0,top
R3,209.9673,-39.4236,0.0,top
R4,198.9673,-39.4236,0.0,top
R5,204.4673,-39.4236,0.0,top
R501,199.2673,-93.9236,270.0,top
R502,201.2673,-93.9236,90.0,top
R503,205.2673,-91.4236,90.0,top
R504,193.7673,-87.9236,90.0,top
R6,193.4673,-39.4236,0.0,top
RV1,180.8196,-144.9409,180.0,bottom
S1,105.2673,-121.5236,0.0,bottom
S2,125.2673,-121.5236,0.0,bottom
SPEAKER_FRONT1,200.7673,-29.4236,180.0,top
SPEAKER_REAR1,200.7673,-34.9236,180.0,top
SW_DUMMY,85.2673,-121.5236,0.0,bottom
U1,165.2673,-83.0611,270.0,top
U10,152.2673,-74.4236,90.0,top
U101,83.2673,-94.9236,90.0,top
U103,159.1568,-92.4145,90.0,top
U104,166.9443,-101.0145,180.0,top
U11,149.2673,-116.4236,90.0,top
U2,191.5,-101.5,180.0,top
U201,105.0,-116.5,180.0,top
U202,108.0,-107.0,90.0,top
U3,216.7259,-98.4536,180.0,top
U301,164.7673,-78.4236,90.0,top
U4,161.8087,-51.3936,0.0,top
U5,77.3923,-39.0413,180.0,top
U501,200.2673,-78.4236,90.0,top
U6,121.9173,-70.8236,0.0,top
U7,125.3923,-93.4236,180.0,top
U8,135.7673,-52.7986,270.0,top
U9,124.2673,-51.9236,90.0,top
Y101,159.1068,-100.9145,270.0,top
